participant_id,status,candidate_commit,platform,device_os,minutes_played,seconds_to_first_round,coached,understands_goal,understands_ghost,best_completed_rounds,runs,voluntary_retries,coins_start,coins_end,coins_spent,coins_earned,desired_cosmetic,desired_price,confusion,unfair_death,control_issue,would_play_again,notes
P01,pending,,,,,,,,,,,,,,,,,,,,,,
P02,pending,,,,,,,,,,,,,,,,,,,,,,
P03,pending,,,,,,,,,,,,,,,,,,,,,,
P04,pending,,,,,,,,,,,,,,,,,,,,,,
P05,pending,,,,,,,,,,,,,,,,,,,,,,
P06,pending,,,,,,,,,,,,,,,,,,,,,,
P07,pending,,,,,,,,,,,,,,,,,,,,,,
P08,pending,,,,,,,,,,,,,,,,,,,,,,
P09,pending,,,,,,,,,,,,,,,,,,,,,,
P10,pending,,,,,,,,,,,,,,,,,,,,,,
