check,status,candidate_commit,device_os,notes
offline_cold_launch_and_round,pending,,,
purchase_exact_debit,pending,,,
cancel_no_debit,pending,,,
force_close_save_restore,pending,,,
lock_unlock_during_drag,pending,,,
background_resume_during_drag,pending,,,
pause_resume_fresh_input,pending,,,
notch_shop_confirmation,pending,,,
tap_coin_and_exit,pending,,,
green_ghost_identification,pending,,,
reduce_motion,pending,,,
twenty_minute_gameplay,pending,,,
physical_frame_memory_profile,pending,,,
